arm,seeds,success_rate,success_std,localization_accuracy,train_success,nodes_inspected_success,actions_success,cumulative_reward
declares_5,3,0.4714,0.0037,0.1823,0.6756,9.3516,16.6076,-1.8539
declares_3,3,0.4036,0.0205,0.1927,0.6533,7.0318,8.9194,-0.9177
no_rel_line,3,0.1901,0.0205,0.1901,0.5,4.377,4.3922,-0.2597
tier_e,3,0.1901,0.0133,0.1901,0.52,4.1753,4.2138,-0.256
no_backtrack,3,0.1849,0.0037,0.1849,0.4933,4.2597,4.2597,-0.2536
no_revisit_penalty,3,0.1823,0.0224,0.1823,0.5111,4.6306,5.2497,-0.2789
tier_l,3,0.1693,0.0258,0.1693,0.4911,3.9249,3.9567,-0.2807
shaping,3,0.1589,0.0133,0.1589,0.4344,3.4639,3.4639,-0.2931
tier_s,3,0.1484,0.0064,0.1484,0.37,3.5447,3.5447,-0.3114
