method,scorer,threshold,success_rate,declared_rate,nodes_inspected,cumulative_reward
bfs,classifier,0.05,0.1171875,1.0,2.0,-0.3342187499999999
bfs,classifier,0.1,0.1171875,1.0,2.0078125,-0.3342968749999999
bfs,classifier,0.15,0.125,1.0,2.046875,-0.3229687499999999
bfs,classifier,0.2,0.125,1.0,2.125,-0.32374999999999987
bfs,classifier,0.25,0.125,1.0,2.2421875,-0.3249218749999999
bfs,classifier,0.3,0.109375,1.0,2.6953125,-0.3528906249999999
bfs,classifier,0.35,0.09375,1.0,2.984375,-0.37921874999999994
bfs,classifier,0.4,0.1015625,1.0,3.515625,-0.37281249999999994
bfs,classifier,0.45,0.109375,0.9921875,4.5,-0.3709375
bfs,classifier,0.5,0.125,0.9921875,5.3515625,-0.35601562499999995
bfs,classifier,0.55,0.1328125,0.984375,6.1484375,-0.352265625
bfs,classifier,0.6,0.1328125,0.9609375,7.109375,-0.36187500000000006
bfs,classifier,0.65,0.1171875,0.9609375,10.2109375,-0.41632812500000005
bfs,classifier,0.7,0.1015625,0.8828125,15.21875,-0.48984375
bfs,classifier,0.75,0.109375,0.7421875,19.96875,-0.525625
bfs,classifier,0.8,0.125,0.6015625,26.0546875,-0.5630468750000002
bfs,classifier,0.85,0.1015625,0.4453125,31.46875,-0.6523437500000001
bfs,classifier,0.9,0.0625,0.265625,40.140625,-0.7976562500000002
bfs,classifier,0.95,0.0078125,0.078125,45.1328125,-0.9296093750000002
dfs,classifier,0.05,0.1171875,1.0,2.0,-0.3342187499999999
dfs,classifier,0.1,0.1171875,1.0,2.0078125,-0.3342968749999999
dfs,classifier,0.15,0.125,1.0,2.046875,-0.3229687499999999
dfs,classifier,0.2,0.1171875,1.0,2.1328125,-0.3355468749999999
dfs,classifier,0.25,0.1171875,1.0,2.25,-0.3367187499999999
dfs,classifier,0.3,0.109375,1.0,2.6953125,-0.3528906249999999
dfs,classifier,0.35,0.09375,1.0,2.875,-0.37812499999999993
dfs,classifier,0.4,0.1015625,1.0,3.359375,-0.3720312499999999
dfs,classifier,0.45,0.109375,0.9921875,4.171875,-0.37054687499999994
dfs,classifier,0.5,0.1171875,0.9921875,4.765625,-0.365546875
dfs,classifier,0.55,0.125,0.984375,5.78125,-0.36773437499999995
dfs,classifier,0.6,0.125,0.9609375,6.7109375,-0.382421875
dfs,classifier,0.65,0.125,0.9609375,9.46875,-0.42226562500000003
dfs,classifier,0.7,0.1171875,0.8828125,14.625,-0.52109375
dfs,classifier,0.75,0.1171875,0.7421875,19.53125,-0.6180468750000001
dfs,classifier,0.8,0.125,0.6015625,25.2265625,-0.7213281250000002
dfs,classifier,0.85,0.1015625,0.4453125,31.0,-0.8807812500000004
dfs,classifier,0.9,0.0625,0.265625,38.2578125,-1.0934375000000003
dfs,classifier,0.95,0.0078125,0.078125,43.8203125,-1.3110937500000004
heuristic_first,classifier,0.05,0.1171875,1.0,2.0,-0.3342187499999999
heuristic_first,classifier,0.1,0.1171875,1.0,2.0078125,-0.3342968749999999
heuristic_first,classifier,0.15,0.125,1.0,2.046875,-0.3229687499999999
heuristic_first,classifier,0.2,0.125,1.0,2.1171875,-0.3236718749999999
heuristic_first,classifier,0.25,0.125,1.0,2.234375,-0.3248437499999999
heuristic_first,classifier,0.3,0.109375,1.0,2.6875,-0.35281249999999986
heuristic_first,classifier,0.35,0.09375,1.0,2.8828125,-0.3782031249999999
heuristic_first,classifier,0.4,0.1015625,1.0,3.4140625,-0.3717968749999999
heuristic_first,classifier,0.45,0.1171875,0.9921875,4.65625,-0.36078124999999994
heuristic_first,classifier,0.5,0.1171875,0.9921875,5.265625,-0.36687499999999995
heuristic_first,classifier,0.55,0.109375,0.984375,6.1015625,-0.386953125
heuristic_first,classifier,0.6,0.125,0.9609375,7.3671875,-0.37617187500000004
heuristic_first,classifier,0.65,0.140625,0.9609375,10.2890625,-0.381953125
heuristic_first,classifier,0.7,0.109375,0.8828125,14.8046875,-0.473984375
heuristic_first,classifier,0.75,0.1171875,0.7421875,19.3515625,-0.5077343750000001
heuristic_first,classifier,0.8,0.125,0.6015625,25.1328125,-0.5538281250000001
heuristic_first,classifier,0.85,0.1015625,0.4453125,30.4921875,-0.6425781250000001
heuristic_first,classifier,0.9,0.0625,0.265625,39.703125,-0.7932812500000002
heuristic_first,classifier,0.95,0.0078125,0.078125,45.1328125,-0.9296093750000003
line_order,classifier,0.05,0.1171875,1.0,2.03125,-0.3345312499999999
line_order,classifier,0.1,0.1171875,1.0,2.0390625,-0.3346093749999999
line_order,classifier,0.15,0.125,1.0,2.078125,-0.32328124999999985
line_order,classifier,0.2,0.125,1.0,2.1640625,-0.3241406249999999
line_order,classifier,0.25,0.125,1.0,2.28125,-0.3253124999999999
line_order,classifier,0.3,0.1171875,1.0,2.765625,-0.34187499999999993
line_order,classifier,0.35,0.1015625,1.0,2.96875,-0.36734374999999986
line_order,classifier,0.4,0.109375,1.0,3.5078125,-0.36101562499999995
line_order,classifier,0.45,0.1171875,0.9921875,4.6953125,-0.36117187500000003
line_order,classifier,0.5,0.125,0.9921875,5.2734375,-0.355234375
line_order,classifier,0.55,0.140625,0.984375,6.1796875,-0.34085937499999996
line_order,classifier,0.6,0.140625,0.9609375,7.3125,-0.3521875
line_order,classifier,0.65,0.1484375,0.9609375,10.4375,-0.37171875
line_order,classifier,0.7,0.125,0.8828125,15.2109375,-0.4546093750000001
line_order,classifier,0.75,0.1328125,0.7421875,20.09375,-0.4917187500000001
line_order,classifier,0.8,0.1328125,0.6015625,25.515625,-0.5459375000000001
line_order,classifier,0.85,0.1015625,0.4453125,31.8125,-0.6557812500000001
line_order,classifier,0.9,0.0625,0.265625,41.2890625,-0.8091406250000002
line_order,classifier,0.95,0.0078125,0.078125,46.7109375,-0.9453906250000002
random_order,classifier,0.05,0.14322916666666666,1.0,1.1145833333333333,-0.28630208333333335
random_order,classifier,0.1,0.140625,1.0,1.1458333333333333,-0.29052083333333334
random_order,classifier,0.15,0.14322916666666666,1.0,1.234375,-0.2875
random_order,classifier,0.2,0.14322916666666666,1.0,1.2994791666666667,-0.28815104166666666
random_order,classifier,0.25,0.140625,1.0,1.3958333333333333,-0.29302083333333334
random_order,classifier,0.3,0.140625,1.0,1.5598958333333333,-0.2946614583333333
random_order,classifier,0.35,0.15104166666666666,1.0,1.7578125,-0.281015625
random_order,classifier,0.4,0.15625,1.0,2.1822916666666665,-0.2774479166666666
random_order,classifier,0.45,0.15885416666666666,0.9921875,2.7838541666666665,-0.27955729166666665
random_order,classifier,0.5,0.15885416666666666,0.9921875,3.6197916666666665,-0.28791666666666665
random_order,classifier,0.55,0.1640625,0.984375,4.572916666666667,-0.28963541666666665
random_order,classifier,0.6,0.14322916666666666,0.9609375,6.122395833333333,-0.3363802083333334
random_order,classifier,0.65,0.1484375,0.9609375,8.442708333333334,-0.35177083333333337
random_order,classifier,0.7,0.12760416666666666,0.8828125,13.182291666666666,-0.4304166666666667
random_order,classifier,0.75,0.1171875,0.7421875,18.375,-0.49796875000000007
random_order,classifier,0.8,0.12760416666666666,0.6015625,24.34375,-0.5420312500000001
random_order,classifier,0.85,0.10416666666666667,0.4453125,31.276041666666668,-0.6465104166666668
random_order,classifier,0.9,0.0625,0.265625,39.716145833333336,-0.7934114583333335
random_order,classifier,0.95,0.0078125,0.078125,45.588541666666664,-0.9341666666666669
random_walk,classifier,0.05,0.1171875,1.0,2.0,-0.33421874999999995
random_walk,classifier,0.1,0.1171875,1.0,2.0078125,-0.3347135416666666
random_walk,classifier,0.15,0.125,1.0,2.046875,-0.32411458333333326
random_walk,classifier,0.2,0.125,1.0,2.1171875,-0.32856770833333326
random_walk,classifier,0.25,0.11979166666666667,1.0,2.2421875,-0.3461979166666666
random_walk,classifier,0.3,0.10677083333333333,0.9921875,2.6276041666666665,-0.43453124999999976
random_walk,classifier,0.35,0.09375,0.9895833333333334,2.8046875,-0.46249999999999986
random_walk,classifier,0.4,0.1015625,0.9869791666666666,3.2916666666666665,-0.49593749999999986
random_walk,classifier,0.45,0.11458333333333333,0.9635416666666666,4.0703125,-0.5724739583333329
random_walk,classifier,0.5,0.11458333333333333,0.96875,4.471354166666667,-0.6187760416666663
random_walk,classifier,0.55,0.11458333333333333,0.9401041666666666,5.317708333333333,-0.7233593749999994
random_walk,classifier,0.6,0.10416666666666667,0.8828125,6.057291666666667,-0.8725260416666659
random_walk,classifier,0.65,0.10416666666666667,0.8255208333333334,8.127604166666666,-1.1272395833333317
random_walk,classifier,0.7,0.07291666666666667,0.6875,10.716145833333334,-1.516718749999998
random_walk,classifier,0.75,0.08333333333333333,0.5364583333333334,11.802083333333334,-1.7771874999999966
random_walk,classifier,0.8,0.09895833333333333,0.4114583333333333,14.380208333333334,-2.0654947916666626
random_walk,classifier,0.85,0.06770833333333333,0.2552083333333333,15.700520833333334,-2.3872656249999946
random_walk,classifier,0.9,0.052083333333333336,0.14583333333333334,16.7109375,-2.6298437499999934
random_walk,classifier,0.95,0.0,0.0390625,18.260416666666668,-2.8364322916666596
